{
  "project_info": {
    "project_number": "859343146640",
    "project_id": "la-paanvilla-app",
    "storage_bucket": "la-paanvilla-app.appspot.com"
  },
  "client": [
    {
      "client_info": {
        "mobilesdk_app_id": "1:859343146640:android:d889781e718cb64e661215",
        "android_client_info": {
          "package_name": "com.lapaanvilla.customer"
        }
      },
      "oauth_client": [
        {
          "client_id": "859343146640-ojpkgllk5tq512truosqk8f8kje1s2v7.apps.googleusercontent.com",
          "client_type": 1,
          "android_info": {
            "package_name": "com.lapaanvilla.customer",
            "certificate_hash": "f788c6a8d922c4e46d22323e1ce9e10306daad62"
          }
        },
        {
          "client_id": "859343146640-ucpoc2372bvk65m7v61t58uq2k6fg754.apps.googleusercontent.com",
          "client_type": 3
        }
      ],
      "api_key": [
        {
          "current_key": "AIzaSyA6Ge7PNY6bSyg7wFFHkkweL4jwd_L7uSo"
        }
      ],
      "services": {
        "appinvite_service": {
          "other_platform_oauth_client": [
            {
              "client_id": "859343146640-ucpoc2372bvk65m7v61t58uq2k6fg754.apps.googleusercontent.com",
              "client_type": 3
            },
            {
              "client_id": "859343146640-2pn3odq24cg5kgms8itq1k5g769acc5a.apps.googleusercontent.com",
              "client_type": 2,
              "ios_info": {
                "bundle_id": "com.lapaanvilla.restaurant"
              }
            }
          ]
        }
      }
    },
    {
      "client_info": {
        "mobilesdk_app_id": "1:859343146640:android:3486377732b7ae61661215",
        "android_client_info": {
          "package_name": "com.lapaanvilla.driver"
        }
      },
      "oauth_client": [
        {
          "client_id": "859343146640-ucpoc2372bvk65m7v61t58uq2k6fg754.apps.googleusercontent.com",
          "client_type": 3
        }
      ],
      "api_key": [
        {
          "current_key": "AIzaSyA6Ge7PNY6bSyg7wFFHkkweL4jwd_L7uSo"
        }
      ],
      "services": {
        "appinvite_service": {
          "other_platform_oauth_client": [
            {
              "client_id": "859343146640-ucpoc2372bvk65m7v61t58uq2k6fg754.apps.googleusercontent.com",
              "client_type": 3
            },
            {
              "client_id": "859343146640-2pn3odq24cg5kgms8itq1k5g769acc5a.apps.googleusercontent.com",
              "client_type": 2,
              "ios_info": {
                "bundle_id": "com.lapaanvilla.restaurant"
              }
            }
          ]
        }
      }
    },
    {
      "client_info": {
        "mobilesdk_app_id": "1:859343146640:android:b3145eb611a228d1661215",
        "android_client_info": {
          "package_name": "com.lapaanvilla.restaurant"
        }
      },
      "oauth_client": [
        {
          "client_id": "859343146640-ucpoc2372bvk65m7v61t58uq2k6fg754.apps.googleusercontent.com",
          "client_type": 3
        }
      ],
      "api_key": [
        {
          "current_key": "AIzaSyA6Ge7PNY6bSyg7wFFHkkweL4jwd_L7uSo"
        }
      ],
      "services": {
        "appinvite_service": {
          "other_platform_oauth_client": [
            {
              "client_id": "859343146640-ucpoc2372bvk65m7v61t58uq2k6fg754.apps.googleusercontent.com",
              "client_type": 3
            },
            {
              "client_id": "859343146640-2pn3odq24cg5kgms8itq1k5g769acc5a.apps.googleusercontent.com",
              "client_type": 2,
              "ios_info": {
                "bundle_id": "com.lapaanvilla.restaurant"
              }
            }
          ]
        }
      }
    }
  ],
  "configuration_version": "1"
}